{
    "swagger": "2.0",
    "info": {
        "description": "API for BoardFlow, vue state-managers testing.",
        "title": "BoardFlow API",
        "termsOfService": "http://swagger.io/terms/",
        "contact": {
            "name": "API Support",
            "url": "http://www.swagger.io/support",
            "email": "support@swagger.io"
        },
        "license": {
            "name": "Apache 2.0",
            "url": "http://www.apache.org/licenses/LICENSE-2.0.html"
        }
    },
    "basePath": "/v1",
    "paths": {
        "/boards/create": {
            "post": {
                "description": "Creates a board by title",
                "consumes": [
                    "application/json"
                ],
                "produces": [
                    "application/json"
                ],
                "tags": [
                    "boards"
                ],
                "summary": "Creates a board",
                "parameters": [
                    {
                        "description": "Board creation payload",
                        "name": "input",
                        "in": "body",
                        "required": true,
                        "schema": {
                            "$ref": "#/definitions/main.CreateBoardPayload"
                        }
                    }
                ],
                "responses": {
                    "200": {
                        "description": "OK",
                        "schema": {
                            "$ref": "#/definitions/store.Board"
                        }
                    },
                    "400": {
                        "description": "Bad Request",
                        "schema": {}
                    },
                    "404": {
                        "description": "Not Found",
                        "schema": {}
                    },
                    "500": {
                        "description": "Internal Server Error",
                        "schema": {}
                    }
                }
            }
        },
        "/boards/getAllBoards": {
            "get": {
                "description": "Gets all boards",
                "consumes": [
                    "application/json"
                ],
                "produces": [
                    "application/json"
                ],
                "tags": [
                    "boards"
                ],
                "summary": "Gets all boards",
                "responses": {
                    "200": {
                        "description": "OK",
                        "schema": {
                            "$ref": "#/definitions/store.Board"
                        }
                    },
                    "400": {
                        "description": "Bad Request",
                        "schema": {}
                    },
                    "404": {
                        "description": "Not Found",
                        "schema": {}
                    },
                    "500": {
                        "description": "Internal Server Error",
                        "schema": {}
                    }
                }
            }
        },
        "/boards/search": {
            "get": {
                "description": "Searches for boards by a query string",
                "consumes": [
                    "application/json"
                ],
                "produces": [
                    "application/json"
                ],
                "tags": [
                    "boards"
                ],
                "summary": "Search boards",
                "parameters": [
                    {
                        "type": "string",
                        "description": "Search query string",
                        "name": "query",
                        "in": "query"
                    }
                ],
                "responses": {
                    "200": {
                        "description": "OK",
                        "schema": {
                            "type": "array",
                            "items": {
                                "$ref": "#/definitions/store.Board"
                            }
                        }
                    },
                    "400": {
                        "description": "Bad Request",
                        "schema": {}
                    },
                    "404": {
                        "description": "Not Found",
                        "schema": {}
                    },
                    "500": {
                        "description": "Internal Server Error",
                        "schema": {}
                    }
                }
            }
        },
        "/boards/{boardID}": {
            "get": {
                "description": "Gets a certain board by board_id",
                "consumes": [
                    "application/json"
                ],
                "produces": [
                    "application/json"
                ],
                "tags": [
                    "boards"
                ],
                "summary": "Gets a certain board",
                "parameters": [
                    {
                        "type": "string",
                        "description": "Board ID",
                        "name": "boardID",
                        "in": "path",
                        "required": true
                    }
                ],
                "responses": {
                    "200": {
                        "description": "OK",
                        "schema": {
                            "$ref": "#/definitions/store.Board"
                        }
                    },
                    "400": {
                        "description": "Bad Request",
                        "schema": {}
                    },
                    "404": {
                        "description": "Not Found",
                        "schema": {}
                    },
                    "500": {
                        "description": "Internal Server Error",
                        "schema": {}
                    }
                }
            },
            "delete": {
                "description": "Deletes a board by its ID",
                "consumes": [
                    "application/json"
                ],
                "produces": [
                    "application/json"
                ],
                "tags": [
                    "boards"
                ],
                "summary": "Delete a board",
                "parameters": [
                    {
                        "type": "string",
                        "description": "Board ID",
                        "name": "boardID",
                        "in": "path",
                        "required": true
                    }
                ],
                "responses": {
                    "204": {
                        "description": "No content",
                        "schema": {
                            "type": "string"
                        }
                    },
                    "400": {
                        "description": "Bad Request",
                        "schema": {}
                    },
                    "404": {
                        "description": "Not Found",
                        "schema": {}
                    },
                    "500": {
                        "description": "Internal Server Error",
                        "schema": {}
                    }
                }
            },
            "patch": {
                "description": "Updates a board by its ID",
                "consumes": [
                    "application/json"
                ],
                "produces": [
                    "application/json"
                ],
                "tags": [
                    "boards"
                ],
                "summary": "Update a board",
                "parameters": [
                    {
                        "type": "string",
                        "description": "Board ID",
                        "name": "boardID",
                        "in": "path",
                        "required": true
                    },
                    {
                        "description": "Board update payload",
                        "name": "input",
                        "in": "body",
                        "required": true,
                        "schema": {
                            "$ref": "#/definitions/main.UpdateBoardPayload"
                        }
                    }
                ],
                "responses": {
                    "200": {
                        "description": "OK",
                        "schema": {
                            "$ref": "#/definitions/store.Board"
                        }
                    },
                    "400": {
                        "description": "Bad Request",
                        "schema": {}
                    },
                    "404": {
                        "description": "Not Found",
                        "schema": {}
                    },
                    "500": {
                        "description": "Internal Server Error",
                        "schema": {}
                    }
                }
            }
        },
        "/ideas/board/{boardID}": {
            "get": {
                "description": "Retrieves all ideas for a given board, with an optional filter for archived status.",
                "consumes": [
                    "application/json"
                ],
                "produces": [
                    "application/json"
                ],
                "tags": [
                    "ideas"
                ],
                "summary": "Get all ideas for a board",
                "parameters": [
                    {
                        "type": "string",
                        "description": "Board ID",
                        "name": "boardID",
                        "in": "path",
                        "required": true
                    },
                    {
                        "type": "boolean",
                        "description": "Filter by archived status (true/false)",
                        "name": "isArchived",
                        "in": "query"
                    }
                ],
                "responses": {
                    "200": {
                        "description": "OK",
                        "schema": {
                            "type": "array",
                            "items": {
                                "$ref": "#/definitions/store.Idea"
                            }
                        }
                    },
                    "400": {
                        "description": "Bad Request",
                        "schema": {}
                    },
                    "404": {
                        "description": "Not Found",
                        "schema": {}
                    },
                    "500": {
                        "description": "Internal Server Error",
                        "schema": {}
                    }
                }
            }
        },
        "/ideas/board/{boardID}/search": {
            "get": {
                "description": "Searches for ideas in a given board based on a query string.",
                "consumes": [
                    "application/json"
                ],
                "produces": [
                    "application/json"
                ],
                "tags": [
                    "ideas"
                ],
                "summary": "Search ideas in a board",
                "parameters": [
                    {
                        "type": "string",
                        "description": "Board ID",
                        "name": "boardID",
                        "in": "path",
                        "required": true
                    },
                    {
                        "type": "string",
                        "description": "Search query string",
                        "name": "query",
                        "in": "query"
                    }
                ],
                "responses": {
                    "200": {
                        "description": "OK",
                        "schema": {
                            "type": "array",
                            "items": {
                                "$ref": "#/definitions/store.Idea"
                            }
                        }
                    },
                    "400": {
                        "description": "Bad Request",
                        "schema": {}
                    },
                    "404": {
                        "description": "Not Found",
                        "schema": {}
                    },
                    "500": {
                        "description": "Internal Server Error",
                        "schema": {}
                    }
                }
            }
        },
        "/ideas/create": {
            "post": {
                "description": "Creates an idea by params",
                "consumes": [
                    "application/json"
                ],
                "produces": [
                    "application/json"
                ],
                "tags": [
                    "ideas"
                ],
                "summary": "Creates an idea",
                "parameters": [
                    {
                        "description": "Idea creation payload",
                        "name": "input",
                        "in": "body",
                        "required": true,
                        "schema": {
                            "$ref": "#/definitions/main.CreateIdeaPayload"
                        }
                    }
                ],
                "responses": {
                    "200": {
                        "description": "OK",
                        "schema": {
                            "$ref": "#/definitions/store.Idea"
                        }
                    },
                    "400": {
                        "description": "Bad Request",
                        "schema": {}
                    },
                    "404": {
                        "description": "Not Found",
                        "schema": {}
                    },
                    "500": {
                        "description": "Internal Server Error",
                        "schema": {}
                    }
                }
            }
        },
        "/ideas/{ideaID}": {
            "delete": {
                "description": "Deletes an idea by its ID.",
                "tags": [
                    "ideas"
                ],
                "summary": "Delete an idea",
                "parameters": [
                    {
                        "type": "string",
                        "description": "Idea ID",
                        "name": "ideaID",
                        "in": "path",
                        "required": true
                    }
                ],
                "responses": {
                    "204": {
                        "description": "No Content"
                    },
                    "400": {
                        "description": "Bad Request",
                        "schema": {}
                    },
                    "404": {
                        "description": "Not Found",
                        "schema": {}
                    },
                    "500": {
                        "description": "Internal Server Error",
                        "schema": {}
                    }
                }
            },
            "patch": {
                "description": "Updates an existing idea's title, description, or archived status.",
                "consumes": [
                    "application/json"
                ],
                "produces": [
                    "application/json"
                ],
                "tags": [
                    "ideas"
                ],
                "summary": "Update an idea",
                "parameters": [
                    {
                        "type": "string",
                        "description": "Idea ID",
                        "name": "ideaID",
                        "in": "path",
                        "required": true
                    },
                    {
                        "description": "Idea update payload",
                        "name": "input",
                        "in": "body",
                        "required": true,
                        "schema": {
                            "$ref": "#/definitions/main.UpdateIdeaPayload"
                        }
                    }
                ],
                "responses": {
                    "200": {
                        "description": "OK",
                        "schema": {
                            "$ref": "#/definitions/store.Idea"
                        }
                    },
                    "400": {
                        "description": "Bad Request",
                        "schema": {}
                    },
                    "404": {
                        "description": "Not Found",
                        "schema": {}
                    },
                    "500": {
                        "description": "Internal Server Error",
                        "schema": {}
                    }
                }
            }
        }
    },
    "definitions": {
        "main.CreateBoardPayload": {
            "type": "object",
            "required": [
                "title"
            ],
            "properties": {
                "title": {
                    "type": "string",
                    "maxLength": 100,
                    "minLength": 3
                }
            }
        },
        "main.CreateIdeaPayload": {
            "type": "object",
            "required": [
                "board_id",
                "title"
            ],
            "properties": {
                "board_id": {
                    "type": "string"
                },
                "description": {
                    "type": "string",
                    "maxLength": 255,
                    "minLength": 3
                },
                "title": {
                    "type": "string",
                    "maxLength": 100,
                    "minLength": 3
                }
            }
        },
        "main.UpdateBoardPayload": {
            "type": "object",
            "properties": {
                "title": {
                    "type": "string",
                    "maxLength": 100,
                    "minLength": 3
                }
            }
        },
        "main.UpdateIdeaPayload": {
            "type": "object",
            "properties": {
                "description": {
                    "type": "string",
                    "maxLength": 255,
                    "minLength": 3
                },
                "is_archived": {
                    "type": "boolean"
                },
                "title": {
                    "type": "string",
                    "maxLength": 100,
                    "minLength": 3
                }
            }
        },
        "store.Board": {
            "type": "object",
            "properties": {
                "board_id": {
                    "type": "string"
                },
                "created_at": {
                    "type": "string"
                },
                "title": {
                    "type": "string"
                },
                "updated_at": {
                    "type": "string"
                }
            }
        },
        "store.Idea": {
            "type": "object",
            "properties": {
                "board_id": {
                    "type": "string"
                },
                "created_at": {
                    "type": "string"
                },
                "description": {
                    "type": "string"
                },
                "idea_id": {
                    "type": "string"
                },
                "is_archived": {
                    "type": "boolean"
                },
                "title": {
                    "type": "string"
                },
                "updated_at": {
                    "type": "string"
                }
            }
        }
    }
}