{
  "version": "6.0",
  "nxVersion": "20.4.0",
  "pathMappings": {
    "@ideas-project/shared": [
      "shared/src/index.ts"
    ]
  },
  "nxJsonPlugins": [
    {
      "name": "@nx/eslint/plugin",
      "options": {
        "targetName": "lint"
      }
    },
    {
      "name": "@nx/vite/plugin",
      "options": {
        "buildTargetName": "build",
        "testTargetName": "test",
        "serveTargetName": "serve",
        "devTargetName": "dev",
        "previewTargetName": "preview",
        "serveStaticTargetName": "serve-static",
        "typecheckTargetName": "typecheck",
        "buildDepsTargetName": "build-deps",
        "watchDepsTargetName": "watch-deps"
      }
    },
    {
      "name": "@nx/cypress/plugin",
      "options": {
        "targetName": "e2e",
        "openTargetName": "open-cypress",
        "componentTestingTargetName": "component-test",
        "ciTargetName": "e2e-ci"
      }
    }
  ],
  "fileMap": {
    "nonProjectFiles": [],
    "projectFileMap": {
      "ideas-composition": [
        {
          "file": "apps/ideas-composition/components.d.ts",
          "hash": "10721587872687377877",
          "deps": [
            "npm:vue",
            "npm:primevue",
            "npm:vue-router"
          ]
        },
        {
          "file": "apps/ideas-composition/eslint.config.mjs",
          "hash": "5229072898880896465",
          "deps": [
            "npm:eslint-plugin-vue",
            [
              "npm:@typescript-eslint/parser",
              "dynamic"
            ]
          ]
        },
        {
          "file": "apps/ideas-composition/index.html",
          "hash": "2384163770923598972"
        },
        {
          "file": "apps/ideas-composition/postcss.config.js",
          "hash": "13598591179375906364"
        },
        {
          "file": "apps/ideas-composition/project.json",
          "hash": "1457113603232809684"
        },
        {
          "file": "apps/ideas-composition/src/app/App.spec.ts",
          "hash": "12763310875413698842",
          "deps": [
            "npm:vitest",
            "npm:@vue/test-utils"
          ]
        },
        {
          "file": "apps/ideas-composition/src/app/App.vue",
          "hash": "18271177128301219628",
          "deps": [
            "shared",
            "npm:vue-router"
          ]
        },
        {
          "file": "apps/ideas-composition/src/app/pages/BoardsPage.vue",
          "hash": "15258867332333125732",
          "deps": [
            "shared",
            "npm:vue"
          ]
        },
        {
          "file": "apps/ideas-composition/src/app/pages/IdeasPage.vue",
          "hash": "4804952684905458660",
          "deps": [
            "shared",
            "npm:vue"
          ]
        },
        {
          "file": "apps/ideas-composition/src/app/router/router.ts",
          "hash": "17101175551212550625",
          "deps": [
            "npm:vue-router"
          ]
        },
        {
          "file": "apps/ideas-composition/src/app/stores.zip",
          "hash": "11850341432162926405"
        },
        {
          "file": "apps/ideas-composition/src/app/stores/BoardStore.ts",
          "hash": "1290426053213266844",
          "deps": [
            "npm:vue",
            "shared"
          ]
        },
        {
          "file": "apps/ideas-composition/src/app/stores/IdeaStore.ts",
          "hash": "17379945293038389459",
          "deps": [
            "npm:vue",
            "shared",
            "npm:vue-router"
          ]
        },
        {
          "file": "apps/ideas-composition/src/main.ts",
          "hash": "1353752420208747926",
          "deps": [
            "npm:vue",
            "npm:primevue",
            "npm:@primevue/themes",
            "npm:primeicons"
          ]
        },
        {
          "file": "apps/ideas-composition/src/styles.css",
          "hash": "4651837349382291068"
        },
        {
          "file": "apps/ideas-composition/src/vue-shims.d.ts",
          "hash": "1350740973621485859",
          "deps": [
            "npm:vue"
          ]
        },
        {
          "file": "apps/ideas-composition/stats.html",
          "hash": "4341813878997723447"
        },
        {
          "file": "apps/ideas-composition/tailwind.config.js",
          "hash": "1754646774145790907",
          "deps": [
            "npm:@nx/vue"
          ]
        },
        {
          "file": "apps/ideas-composition/tsconfig.app.json",
          "hash": "11556569494562271663"
        },
        {
          "file": "apps/ideas-composition/tsconfig.json",
          "hash": "13900371577176747673"
        },
        {
          "file": "apps/ideas-composition/tsconfig.spec.json",
          "hash": "16829233919054324066"
        },
        {
          "file": "apps/ideas-composition/vite.config.ts",
          "hash": "13315309829162674448",
          "deps": [
            "npm:vite",
            "npm:@vitejs/plugin-vue",
            "npm:@nx/vite",
            "npm:unplugin-vue-components",
            "npm:rollup-plugin-visualizer"
          ]
        }
      ],
      "shared": [
        {
          "file": "shared/README.md",
          "hash": "11453672666776903667"
        },
        {
          "file": "shared/eslint.config.mjs",
          "hash": "13987790109091216790",
          "deps": [
            "npm:eslint-plugin-vue",
            [
              "npm:@typescript-eslint/parser",
              "dynamic"
            ]
          ]
        },
        {
          "file": "shared/project.json",
          "hash": "10610351706025454345"
        },
        {
          "file": "shared/src/TestComponent.vue",
          "hash": "5376188612308749655"
        },
        {
          "file": "shared/src/components/board-list/BoardList.vue",
          "hash": "7671631001086885958",
          "deps": [
            "npm:vue"
          ]
        },
        {
          "file": "shared/src/components/board-list/board/BoardItem.vue",
          "hash": "16738595129136932389",
          "deps": [
            "npm:vue",
            "npm:primevue",
            "npm:vue-router"
          ]
        },
        {
          "file": "shared/src/components/board-list/no-elements/NoElements.vue",
          "hash": "15026476335759582781"
        },
        {
          "file": "shared/src/components/data-management/CreateBoardBtn.vue",
          "hash": "13605294944500214030",
          "deps": [
            "npm:vue",
            "npm:motion",
            "npm:@primevue/forms",
            "npm:primevue"
          ]
        },
        {
          "file": "shared/src/components/data-management/CreateIdeaBtn.vue",
          "hash": "11213554409469260044",
          "deps": [
            "npm:vue",
            "npm:@primevue/forms",
            "npm:vue-router",
            "npm:primevue"
          ]
        },
        {
          "file": "shared/src/components/data-management/ItemManagement.vue",
          "hash": "17286641419775470236",
          "deps": [
            "npm:vue",
            "npm:primevue"
          ]
        },
        {
          "file": "shared/src/components/filtration-block/FilterBtn.vue",
          "hash": "264572302565601669",
          "deps": [
            "npm:motion",
            "npm:vue",
            "npm:primevue"
          ]
        },
        {
          "file": "shared/src/components/filtration-block/SearchBar.vue",
          "hash": "2627728634822973664"
        },
        {
          "file": "shared/src/components/ideas-list/IdeasList.vue",
          "hash": "4506945976985955107",
          "deps": [
            "npm:vue"
          ]
        },
        {
          "file": "shared/src/components/ideas-list/idea/IdeaItem.vue",
          "hash": "6853396335763652443",
          "deps": [
            "npm:vue",
            "npm:@primevue/forms",
            "npm:primevue"
          ]
        },
        {
          "file": "shared/src/components/ideas-list/no-elements/NoElements.vue",
          "hash": "9974938724168330744"
        },
        {
          "file": "shared/src/components/ui/MainBlockWrapper.vue",
          "hash": "10217469220012048428"
        },
        {
          "file": "shared/src/components/ui/MainHeader.vue",
          "hash": "3951015195833885967",
          "deps": [
            "npm:vue",
            "npm:motion"
          ]
        },
        {
          "file": "shared/src/dummy.test.ts",
          "hash": "12986242810921586936"
        },
        {
          "file": "shared/src/index.ts",
          "hash": "12095749832747870913"
        },
        {
          "file": "shared/src/services/API.ts",
          "hash": "342047558801457001",
          "deps": [
            "npm:axios"
          ]
        },
        {
          "file": "shared/src/services/board-service/BoardAPI.ts",
          "hash": "7480087425426822446"
        },
        {
          "file": "shared/src/services/idea-service/IdeaAPI.ts",
          "hash": "2648625437775081623"
        },
        {
          "file": "shared/src/types/board/Board.ts",
          "hash": "5673885298181851448"
        },
        {
          "file": "shared/src/types/board/CreateBoard.ts",
          "hash": "5449219070885699931"
        },
        {
          "file": "shared/src/types/board/DeleteBoardFn.ts",
          "hash": "10489200488974942062"
        },
        {
          "file": "shared/src/types/board/UpdateBoardFn.ts",
          "hash": "1864546390274706511"
        },
        {
          "file": "shared/src/types/idea/ArchiveIdeaFn.ts",
          "hash": "561700734168273790"
        },
        {
          "file": "shared/src/types/idea/CreateIdea.ts",
          "hash": "1899215473219594958"
        },
        {
          "file": "shared/src/types/idea/DeleteIdeaFn.ts",
          "hash": "17569909898795186479"
        },
        {
          "file": "shared/src/types/idea/Idea.ts",
          "hash": "4886374459764803918"
        },
        {
          "file": "shared/src/types/idea/UpdateIdea.ts",
          "hash": "8906827346462396869"
        },
        {
          "file": "shared/src/types/idea/UpdateIdeaFn.ts",
          "hash": "3491954361417430712"
        },
        {
          "file": "shared/src/types/modal/comfirmModalProps.ts",
          "hash": "16308093219422858136",
          "deps": [
            "npm:primevue"
          ]
        },
        {
          "file": "shared/src/utils/animation/onEnterOpacityTransition.ts",
          "hash": "18242406810469704770",
          "deps": [
            "npm:motion"
          ]
        },
        {
          "file": "shared/src/utils/animation/sequancesAnimation.ts",
          "hash": "11456110893618021053",
          "deps": [
            "npm:vue",
            "npm:motion"
          ]
        },
        {
          "file": "shared/src/utils/modal/confirmModal.ts",
          "hash": "14760010285217892293"
        },
        {
          "file": "shared/src/vue-shims.d.ts",
          "hash": "1350740973621485859",
          "deps": [
            "npm:vue"
          ]
        },
        {
          "file": "shared/tsconfig.json",
          "hash": "15559038855190634104"
        },
        {
          "file": "shared/tsconfig.lib.json",
          "hash": "6133650002539900562"
        },
        {
          "file": "shared/tsconfig.spec.json",
          "hash": "7277455390741021771"
        },
        {
          "file": "shared/vite.config.ts",
          "hash": "12121001420593014402",
          "deps": [
            "npm:@vitejs/plugin-vue",
            "npm:vite",
            "npm:@nx/vite"
          ]
        }
      ],
      "ideas-pinia-e2e": [
        {
          "file": "apps/ideas-pinia-e2e/cypress.config.ts",
          "hash": "10509712587704194039",
          "deps": [
            "npm:@nx/cypress",
            "npm:cypress"
          ]
        },
        {
          "file": "apps/ideas-pinia-e2e/eslint.config.mjs",
          "hash": "7267301145493616340",
          "deps": [
            "npm:eslint-plugin-cypress"
          ]
        },
        {
          "file": "apps/ideas-pinia-e2e/project.json",
          "hash": "10154283475160807006"
        },
        {
          "file": "apps/ideas-pinia-e2e/src/e2e/add_boards.cy.ts",
          "hash": "5286807770110802803"
        },
        {
          "file": "apps/ideas-pinia-e2e/src/e2e/app.cy.ts",
          "hash": "9881526389202081842"
        },
        {
          "file": "apps/ideas-pinia-e2e/src/fixtures/example.json",
          "hash": "11785586596216172004"
        },
        {
          "file": "apps/ideas-pinia-e2e/src/support/app.po.ts",
          "hash": "11157016311132186162"
        },
        {
          "file": "apps/ideas-pinia-e2e/src/support/commands.ts",
          "hash": "6408592624158157338"
        },
        {
          "file": "apps/ideas-pinia-e2e/src/support/e2e.ts",
          "hash": "1054106023200826784"
        },
        {
          "file": "apps/ideas-pinia-e2e/tsconfig.json",
          "hash": "10740392072068377465"
        }
      ],
      "ideas-vuex-e2e": [
        {
          "file": "apps/ideas-vuex-e2e/cypress.config.ts",
          "hash": "5524106443747483795",
          "deps": [
            "npm:@nx/cypress",
            "npm:cypress"
          ]
        },
        {
          "file": "apps/ideas-vuex-e2e/eslint.config.mjs",
          "hash": "7267301145493616340",
          "deps": [
            "npm:eslint-plugin-cypress"
          ]
        },
        {
          "file": "apps/ideas-vuex-e2e/project.json",
          "hash": "11900254096147908677"
        },
        {
          "file": "apps/ideas-vuex-e2e/src/e2e/add_boards.cy.ts",
          "hash": "17833522109923971560"
        },
        {
          "file": "apps/ideas-vuex-e2e/src/e2e/app.cy.ts",
          "hash": "3188335567009542840"
        },
        {
          "file": "apps/ideas-vuex-e2e/src/fixtures/example.json",
          "hash": "11785586596216172004"
        },
        {
          "file": "apps/ideas-vuex-e2e/src/support/app.po.ts",
          "hash": "11157016311132186162"
        },
        {
          "file": "apps/ideas-vuex-e2e/src/support/commands.ts",
          "hash": "6408592624158157338"
        },
        {
          "file": "apps/ideas-vuex-e2e/src/support/e2e.ts",
          "hash": "1054106023200826784"
        },
        {
          "file": "apps/ideas-vuex-e2e/tsconfig.json",
          "hash": "10740392072068377465"
        }
      ],
      "ideas-pinia": [
        {
          "file": "apps/ideas-pinia/components.d.ts",
          "hash": "10721587872687377877",
          "deps": [
            "npm:vue",
            "npm:primevue",
            "npm:vue-router"
          ]
        },
        {
          "file": "apps/ideas-pinia/eslint.config.mjs",
          "hash": "5229072898880896465",
          "deps": [
            "npm:eslint-plugin-vue",
            [
              "npm:@typescript-eslint/parser",
              "dynamic"
            ]
          ]
        },
        {
          "file": "apps/ideas-pinia/index.html",
          "hash": "2754870223824985169"
        },
        {
          "file": "apps/ideas-pinia/postcss.config.js",
          "hash": "13598591179375906364"
        },
        {
          "file": "apps/ideas-pinia/project.json",
          "hash": "8095063696952798757"
        },
        {
          "file": "apps/ideas-pinia/src/app/App.spec.ts",
          "hash": "10134899011241660098",
          "deps": [
            "npm:vitest",
            "npm:@vue/test-utils",
            "npm:primevue"
          ]
        },
        {
          "file": "apps/ideas-pinia/src/app/App.vue",
          "hash": "12154539513787225392",
          "deps": [
            "shared",
            "npm:vue-router"
          ]
        },
        {
          "file": "apps/ideas-pinia/src/app/pages/BoardsPage.vue",
          "hash": "7637798958118039106",
          "deps": [
            "shared",
            "npm:vue"
          ]
        },
        {
          "file": "apps/ideas-pinia/src/app/pages/IdeasPage.vue",
          "hash": "16179338131777376753",
          "deps": [
            "shared",
            "npm:vue"
          ]
        },
        {
          "file": "apps/ideas-pinia/src/app/router/router.ts",
          "hash": "17101175551212550625",
          "deps": [
            "npm:vue-router"
          ]
        },
        {
          "file": "apps/ideas-pinia/src/app/services/BoardsService.ts",
          "hash": "13624830222087123068",
          "deps": [
            "shared"
          ]
        },
        {
          "file": "apps/ideas-pinia/src/app/services/IdeasService.ts",
          "hash": "11180542103665834866",
          "deps": [
            "shared",
            "npm:vue-router"
          ]
        },
        {
          "file": "apps/ideas-pinia/src/app/stores.zip",
          "hash": "11120316314803596624"
        },
        {
          "file": "apps/ideas-pinia/src/app/stores/BoardStore.ts",
          "hash": "14841202304464940002",
          "deps": [
            "npm:pinia",
            "shared",
            "npm:vue"
          ]
        },
        {
          "file": "apps/ideas-pinia/src/app/stores/IdeaStore.ts",
          "hash": "16507582179311320276",
          "deps": [
            "npm:pinia",
            "shared"
          ]
        },
        {
          "file": "apps/ideas-pinia/src/main.ts",
          "hash": "17560552134507833440",
          "deps": [
            "npm:vue",
            "npm:primevue",
            "npm:@primevue/themes",
            "npm:primeicons",
            "npm:pinia"
          ]
        },
        {
          "file": "apps/ideas-pinia/src/styles.css",
          "hash": "11792701561468656223"
        },
        {
          "file": "apps/ideas-pinia/src/vue-shims.d.ts",
          "hash": "1350740973621485859",
          "deps": [
            "npm:vue"
          ]
        },
        {
          "file": "apps/ideas-pinia/stats.html",
          "hash": "2900466945503397811"
        },
        {
          "file": "apps/ideas-pinia/tailwind.config.js",
          "hash": "577666195259901734",
          "deps": [
            "npm:@nx/vue",
            "npm:tailwindcss-primeui"
          ]
        },
        {
          "file": "apps/ideas-pinia/tsconfig.app.json",
          "hash": "11556569494562271663"
        },
        {
          "file": "apps/ideas-pinia/tsconfig.json",
          "hash": "17652067959640218398"
        },
        {
          "file": "apps/ideas-pinia/tsconfig.spec.json",
          "hash": "16829233919054324066"
        },
        {
          "file": "apps/ideas-pinia/vite.config.ts",
          "hash": "10785430551811752818",
          "deps": [
            "npm:vite",
            "npm:@vitejs/plugin-vue",
            "npm:@nx/vite",
            "npm:unplugin-vue-components",
            "npm:rollup-plugin-visualizer"
          ]
        }
      ],
      "ideas-vuex": [
        {
          "file": "apps/ideas-vuex/components.d.ts",
          "hash": "10721587872687377877",
          "deps": [
            "npm:vue",
            "npm:primevue",
            "npm:vue-router"
          ]
        },
        {
          "file": "apps/ideas-vuex/eslint.config.mjs",
          "hash": "5229072898880896465",
          "deps": [
            "npm:eslint-plugin-vue",
            [
              "npm:@typescript-eslint/parser",
              "dynamic"
            ]
          ]
        },
        {
          "file": "apps/ideas-vuex/index.html",
          "hash": "14350641585697191135"
        },
        {
          "file": "apps/ideas-vuex/postcss.config.js",
          "hash": "13598591179375906364"
        },
        {
          "file": "apps/ideas-vuex/project.json",
          "hash": "17887012035273620625"
        },
        {
          "file": "apps/ideas-vuex/src/app/App.spec.ts",
          "hash": "14922623476764191319",
          "deps": [
            "npm:vitest",
            "npm:@vue/test-utils"
          ]
        },
        {
          "file": "apps/ideas-vuex/src/app/App.vue",
          "hash": "4244160849853434156",
          "deps": [
            "shared",
            "npm:vue-router"
          ]
        },
        {
          "file": "apps/ideas-vuex/src/app/pages/BoardsPage.vue",
          "hash": "10232694488107887109",
          "deps": [
            "npm:vue",
            "shared"
          ]
        },
        {
          "file": "apps/ideas-vuex/src/app/pages/IdeasPage.vue",
          "hash": "6357217003500730472",
          "deps": [
            "npm:vue",
            "shared"
          ]
        },
        {
          "file": "apps/ideas-vuex/src/app/router/router.ts",
          "hash": "17101175551212550625",
          "deps": [
            "npm:vue-router"
          ]
        },
        {
          "file": "apps/ideas-vuex/src/app/services/BoardsService.ts",
          "hash": "145380515183118279",
          "deps": [
            "shared"
          ]
        },
        {
          "file": "apps/ideas-vuex/src/app/services/IdeasService.ts",
          "hash": "13396210251893448023",
          "deps": [
            "shared",
            "npm:vue-router"
          ]
        },
        {
          "file": "apps/ideas-vuex/src/app/stores.zip",
          "hash": "7242448033532109060"
        },
        {
          "file": "apps/ideas-vuex/src/app/stores/index.ts",
          "hash": "5397202651555665303",
          "deps": [
            "npm:vuex"
          ]
        },
        {
          "file": "apps/ideas-vuex/src/app/stores/modules/Boards.ts",
          "hash": "9244437441851067628",
          "deps": [
            "shared"
          ]
        },
        {
          "file": "apps/ideas-vuex/src/app/stores/modules/Ideas.ts",
          "hash": "5804442883848446420",
          "deps": [
            "shared"
          ]
        },
        {
          "file": "apps/ideas-vuex/src/main.ts",
          "hash": "12220301075680517820",
          "deps": [
            "npm:vue",
            "npm:primevue",
            "npm:@primevue/themes",
            "npm:primeicons"
          ]
        },
        {
          "file": "apps/ideas-vuex/src/styles.css",
          "hash": "4651837349382291068"
        },
        {
          "file": "apps/ideas-vuex/src/vue-shims.d.ts",
          "hash": "1350740973621485859",
          "deps": [
            "npm:vue"
          ]
        },
        {
          "file": "apps/ideas-vuex/stats.html",
          "hash": "204810722611937534"
        },
        {
          "file": "apps/ideas-vuex/tailwind.config.js",
          "hash": "1754646774145790907",
          "deps": [
            "npm:@nx/vue"
          ]
        },
        {
          "file": "apps/ideas-vuex/tsconfig.app.json",
          "hash": "11556569494562271663"
        },
        {
          "file": "apps/ideas-vuex/tsconfig.json",
          "hash": "13900371577176747673"
        },
        {
          "file": "apps/ideas-vuex/tsconfig.spec.json",
          "hash": "16829233919054324066"
        },
        {
          "file": "apps/ideas-vuex/vite.config.ts",
          "hash": "15980727826535395249",
          "deps": [
            "npm:vite",
            "npm:@vitejs/plugin-vue",
            "npm:@nx/vite",
            "npm:unplugin-vue-components",
            "npm:rollup-plugin-visualizer"
          ]
        }
      ],
      "@ideas-project/source": [
        {
          "file": ".editorconfig",
          "hash": "5443105041930014821"
        },
        {
          "file": ".github/workflows/ci.yml",
          "hash": "3516381501909661267"
        },
        {
          "file": ".gitignore",
          "hash": "17737885269298436116"
        },
        {
          "file": ".prettierignore",
          "hash": "14688272390704683536"
        },
        {
          "file": ".prettierrc",
          "hash": "16267754514737964994"
        },
        {
          "file": ".vscode/extensions.json",
          "hash": "16884713733442577066"
        },
        {
          "file": "README.md",
          "hash": "17563932448297240535"
        },
        {
          "file": "cypress.config.ts",
          "hash": "782018314816682497",
          "deps": [
            "npm:cypress"
          ]
        },
        {
          "file": "eslint.config.mjs",
          "hash": "9305490568641493179",
          "deps": [
            "npm:@nx/eslint-plugin"
          ]
        },
        {
          "file": "nx.json",
          "hash": "1279746982632352287"
        },
        {
          "file": "package-lock.json",
          "hash": "7393967586282803333"
        },
        {
          "file": "package.json",
          "hash": "7664586482600446914",
          "deps": [
            "npm:@eslint/js",
            "npm:@nx/cypress",
            "npm:@nx/eslint",
            "npm:@nx/eslint-plugin",
            "npm:@nx/js",
            "npm:@nx/vite",
            "npm:@nx/vue",
            "npm:@nx/web",
            "npm:@nx/workspace",
            "npm:@primevue/auto-import-resolver",
            "npm:@swc-node/register",
            "npm:@swc/core",
            "npm:@swc/helpers",
            "npm:@types/node",
            "npm:@vitejs/plugin-vue",
            "npm:@vitest/coverage-v8",
            "npm:@vitest/ui",
            "npm:@vue/eslint-config-prettier",
            "npm:@vue/eslint-config-typescript",
            "npm:@vue/test-utils",
            "npm:autoprefixer",
            "npm:cypress",
            "npm:eslint",
            "npm:eslint-config-prettier",
            "npm:eslint-plugin-cypress",
            "npm:eslint-plugin-vue",
            "npm:jsdom",
            "npm:nx",
            "npm:postcss",
            "npm:prettier",
            "npm:rollup-plugin-visualizer",
            "npm:tailwindcss",
            "npm:tslib",
            "npm:typescript",
            "npm:typescript-eslint",
            "npm:unplugin-vue-components",
            "npm:vite",
            "npm:vitest",
            "npm:vue-tsc",
            "npm:@primevue/forms",
            "npm:@primevue/themes",
            "npm:axios",
            "npm:motion",
            "npm:pinia",
            "npm:primeicons",
            "npm:primevue",
            "npm:tailwindcss-primeui",
            "npm:vue",
            "npm:vue-router",
            "npm:vuex"
          ]
        },
        {
          "file": "tsconfig.base.json",
          "hash": "6184223805701841758"
        },
        {
          "file": "vitest.workspace.ts",
          "hash": "14023491222425291751"
        }
      ],
      "ideas-composition-e2e": [
        {
          "file": "apps/ideas-composition-e2e/cypress.config.ts",
          "hash": "4741730021338733952",
          "deps": [
            "npm:@nx/cypress",
            "npm:cypress"
          ]
        },
        {
          "file": "apps/ideas-composition-e2e/eslint.config.mjs",
          "hash": "7267301145493616340",
          "deps": [
            "npm:eslint-plugin-cypress"
          ]
        },
        {
          "file": "apps/ideas-composition-e2e/project.json",
          "hash": "2810278122809590406"
        },
        {
          "file": "apps/ideas-composition-e2e/src/e2e/app.cy.ts",
          "hash": "651094866219817227"
        },
        {
          "file": "apps/ideas-composition-e2e/src/fixtures/example.json",
          "hash": "11785586596216172004"
        },
        {
          "file": "apps/ideas-composition-e2e/src/support/app.po.ts",
          "hash": "11157016311132186162"
        },
        {
          "file": "apps/ideas-composition-e2e/src/support/commands.ts",
          "hash": "6408592624158157338"
        },
        {
          "file": "apps/ideas-composition-e2e/src/support/e2e.ts",
          "hash": "1054106023200826784"
        },
        {
          "file": "apps/ideas-composition-e2e/tsconfig.json",
          "hash": "10740392072068377465"
        }
      ]
    }
  }
}